pplow_id,mfg_id,pplow_model,pplow_currentmodel,pplow_plowtype,pplow_bladewidth_expanded,pplow_bladewidth_retracted,pplow_bladewidth_scoop,pplow_angledwidth_expanded,pplow_angledwidth_retracted,pplow_angledwidth_scoop,pplow_bladeheight_min,pplow_bladeheight_max,pplow_bladegauge,pplow_bladethickness,pplow_weight,pplow_bladematerial,pplow_plowshoes,pplow_bladecuttingedge_thickness,pplow_bladecuttingedge_height,pplow_wingcuttingedge_thickness,pplow_wingcuttingedge_height,pplow_verticalribs,pplow_diagonalribs,pplow_tripfeature,pplow_tripsprings,pplow_tripspringtype,pplow_anglecylinder_diameter,pplow_anglecylinder_length,pplow_anglecylinder_type,pplow_liftcylinder_diameter,pplow_liftcylinder_length,pplow_liftcylinder_type,pplow_controls_style,pplow_controls_type,pplow_mountname,pplow_snowdeflector,pplow_snowcatcher,pplow_warranty,pplow_notes,pplow_image,pplow_downPressure,pplow_paint,pplow_primer,pplow_closedLoopElectric,pplow_ledLights,pplow_price,pplow_movingCapacity,pplow_spnRank,pplow_ytvideoid,pplow_pdf
11,18,"22-7'-6""",TRUE,straight,90,0,0,78,0,0,22,22,,8-Jan,285,poly,optional,4-Jan,4.5,,,4,2,,2,,,,,,,,both,both,drive in,,,2 Years,,plows_snoway_22-7-6_2015.jpg,Available,Powder Coat,Yes,Yes,No,4,1,59,V9mntlAY85M,http://snowplownews.com/cm/pdfs/plowBrochure_snoway_22_20141215.pdf
18,5," V Steel 7'6""",FALSE,vplow,90,81,76,78,0,0,26.5,26.5,11,,794,steel,optional,2-Jan,6,,,6,0,full blade,4,,1.5,10,sa,,,,both,wired,RT2, RT3,optional,Molded Rubber,1 year parts and labor,SmartLock hydraulic angle cylinders optional - lock blade in place for back-dragging,!default_boss_vee-plow.png,No,Powder Coat,No,No,Optional,5,4,48,
19,5,"V Steel 8'2"" ",FALSE,vplow,98,86,84,85,0,0,29.5,29.5,11,,860,steel,included,2-Jan,6,,,6,0,full blade,4,,1.5,10,sa,,,,both,wired,RT2, RT3,optional,Molded Rubber,1 year parts and labor,SmartLock hydraulic angle cylinders optional - lock blade in place for back-dragging,!default_boss_vee-plow.png,No,Powder Coat,No,No,Optional,5,5,51,
20,5," V Steel 9'2""",FALSE,vplow,110,96,95,95,0,0,29.5,29.5,11,,928,steel,included,2-Jan,6,,,8,0,full blade,4,,1.5,10,sa,,,,both,wired,RT2, RT3,optional,Molded Rubber,1 year parts and labor,SmartLock hydraulic angle cylinders optional - lock blade in place for back-dragging,!default_boss_vee-plow.png,No,Powder Coat,No,No,Optional,5,5,51,
21,5,"V Steel 10'0"" ",FALSE,vplow,120,111,109,110,0,0,34.5,34.5,11,,1250,steel,included,2-Jan,6,,,8,2,full blade,6,,1.5,10,sa,,,,both,wired,RT2, RT3,optional,Molded Rubber,1 year parts and labor,SmartLock hydraulic angle cylinders optional - lock blade in place for back-dragging,!default_boss_vee-plow.png,No,Powder Coat,No,No,Optional,5,5,56,
23,5," V Poly 8'2""",FALSE,vplow,98,86,84,85,0,0,30.5,30.5,,8-Mar,890,poly,optional,2-Jan,6,,,6,2,full blade,4,extension,1.5,10,sa,2,10,,both,wired,SmartHitch 2,optional,Molded Rubber,1 year parts and labor,,!default_boss_vee-plow.png,No,Powder Coat,No,No,Optional,5,5,52,,
24,5,"V Poly 9'2"" ",FALSE,vplow,110,96,95,95,0,0,30.5,30.5,,8-Mar,956,poly,optional,2-Jan,6,,,8,2,full blade,4,,1.5,10,sa,,,,both,wired,Poly Power-V XT,optional,Molded Rubber,1 year parts and labor,,!default_boss_vee-plow.png,No,Powder Coat,No,No,Optional,5,5,52,,
70,18,Revolution HD,TRUE,expandable,120,101,0,107,0,0,29,29,12,,865,steel,optional,2-Jan,6,2-Jan,6,6,0,full blade,2,,,,sa,,,,both,both,Drive In,optional,Steel,2 years,,plows_snoway_revolutionHD_2015.jpg,Available,Powder Coat,Yes,Yes,No,6,5,86,8TfnLHTxPjg,http://snowplownews.com/cm/pdfs/plowBrochure_snoway_revHD_20141215.pdf
72,18,"29VHD-8'-6""",TRUE,vplow,102,0,95,0,0,0,29,29,,,840,steel,optional,2-Jan,6,,,6,0,full blade,2,,,,,,,,both,both,Drive In,optional,,2 Years,,plows_snoway_29-8-6-VHD_2015.jpg,Available,Powder Coat,Yes,Yes,No,5,4,71,A0hseSqPmHs,http://snowplownews.com/cm/pdfs/plowBrochure_snoway_29vhd_20141215.pdf
73,18,"29R-8'-10""",TRUE,expandable,106,0,0,93,0,0,29,29,,,705,steel,optional,8-Mar,6,,,7,0,full blade,2,,,,,,,,both,both,Drive In,optional,,2 years,,plows_snoway_29-8-10-R_2015.jpg,Available,Powder Coat,Yes,Yes,No,6,5,86,9dRzRjXCsHM,http://snowplownews.com/cm/pdfs/plowBrochure_snoway_29r_20141215.pdf
75,18,"26R-8'-0""",TRUE,expandable,96,0,0,83,0,0,26,26,12,,590,steel,optional,8-Mar,6,,,5,0,full blade,2,,,,,,,,both,both,Drive In,optional,,2 years,,plows_snoway_26-R_2015.jpg,Available,Powder Coat,Yes,Yes,No,6,4,83,Cgufbf0GwiQ,http://snowplownews.com/cm/pdfs/plowBrochure_snoway_26r_20141215.pdf
76,18,"26-7'-6""",TRUE,straight,90,0,0,78,0,0,26,26,,,471,steel,optional,8-Mar,6,,,5,0,full blade,2,,,,,,,,both,both,Drive In,optional,,2 years,,plows_snoway_26-7-6_2015.jpg,Available,Powder Coat,Yes,Yes,No,4,2,63,uAF3gO3cby8,http://snowplownews.com/cm/pdfs/plowBrochure_snoway_26_20141215.pdf
80,18,"29HD-7'-6""",TRUE,straight,90,0,0,78,0,0,29,29,,,571,steel,optional,8-Mar,6,,,7,0,full blade,2,,,,,,,,both,both,Drive In ,,,2 years,,plows_snoway_29-7-6-HD_2015.jpg,Available,Powder Coat,Yes,Yes,No,4,2,66,,http://snowplownews.com/cm/pdfs/plowBrochure_snoway_29hd_20141215.pdf
81,18,Series 29 HD,FALSE,straight,90,0,0,78,0,0,29,29,12,,571,steel,optional,8-Mar,6,,,7,0,full blade,2,,,,,,,,both,both,Drive In,optional,,2 years,,!default_snoway_straight-plow.png,Available,Powder Coat,Yes,Yes,No,4,2,66,,
82,18,"26-6'-8""",TRUE,straight,80,0,0,69,0,0,26,26,12,,456,steel,optional,8-Mar,6,,,5,0,full blade,2,,,,,,,,both,both,Drive In,optional,,2 Years,,plows_snoway_26-6-8_2015.jpg,Available,Powder Coat,Yes,Yes,No,4,2,63,uAF3gO3cby8,http://snowplownews.com/cm/pdfs/plowBrochure_snoway_26_20141215.pdf
83,18,Series 29 Poly,FALSE,straight,90,0,0,78,0,0,29,29,12,2-Jan,558,poly,optional,8-Mar,6,,,5,2,full blade,2,,,,,,,,both,both,Drive In,optional,,2 years,,!default_snoway_straight-plow.png,Available,Powder Coat,Yes,Yes,No,4,2,66,,
84,18,Series 26,FALSE,straight,80,0,0,69,0,0,26,26,12,2-Jan,437,poly,optional,8-Mar,6,,,5,2,full blade,2,,,,,,,,both,both,Drive In,optional,,2 years,,!default_snoway_straight-plow.png,Available,Powder Coat,Yes,Yes,No,4,2,63,,
86,18,Series 26,FALSE,straight,90,0,0,78,0,0,26,26,12,2-Jan,451,poly,optional,8-Mar,6,,,5,2,full blade,2,,,,,,,,both,both,Drive In,optional,,2 years,,!default_snoway_straight-plow.png,Available,Powder Coat,Yes,Yes,No,4,2,63,,
87,18,Megablade Revolution,FALSE,expandable,118,0,0,105,0,0,0,0,12,2-Jan,1070,steel,optional,2-Jan,6,,,5,0,full blade,4,,,,,,,,both,both,Drive In,optional,,2 years,,!default_snoway_expandable-plow.png,Available,Powder Coat,Yes,Yes,No,6,4,57,,
89,18,Megablade V-Wing,FALSE,vplow,102,0,0,95,0,0,29,29,12,2-Jan,975,steel,optional,2-Jan,6,,,8,0,full blade,2,,,,,,,,both,both,Drive In,optional,,2 years,,!default_snoway_vee-plow.png,Available,Powder Coat,Yes,Yes,No,5,4,71,,
90,18,Megablade Contractor,FALSE,straight,102,0,0,88,0,0,29,29,12,2-Jan,805,steel,optional,2-Jan,6,,,7,0,full blade,2,,,,,,,,both,both,Drive In,optional,,2 years,,!default_snoway_straight-plow.png,Available,Powder Coat,Yes,Yes,No,4,2,66,,
95,13,9851,TRUE,vplow,102,0,0,88.5,0,0,30,30,12,,827,poly,optional,8-Mar,6,,,0,,full blade,4,,,,,,,,both,wired,,optional,,2 years,,!default_hiniker_vee-plow.png,No,Powder Coat,No,No,No,4,5,57,,
101,13,9860,TRUE,vplow,102,0,0,88.5,0,0,30,37,12,2-Jan,841,poly,,8-Mar,6,,,6,2,full blade,4,,,,,,,,both,wired,,,,2 years,,!default_hiniker_vee-plow.png,No,Powder Coat,No,No,No,4,5,64,,
102,13,9951,TRUE,vplow,114,0,0,99,0,0,30,30,12,,859,poly,,8-Mar,6,,,6,2,full blade,4,,,,,,,,both,wired,,,,2 years,,!default_hiniker_vee-plow.png,No,Powder Coat,No,No,No,4,5,57,,
103,13,9960,TRUE,vplow,114,0,0,99,0,0,30,38,12,,877,poly,,8-Mar,6,,,6,2,full blade,4,,,,,,,,both,wired,,,,2 years,,!default_hiniker_vee-plow.png,No,Powder Coat,No,No,No,4,5,65,,
104,13,8802,TRUE,straight,96,0,0,83,0,0,30,30,12,,800,steel,,8-Mar,6,,,10,2,full blade,4,,,,,,,,both,wired,,,,2 years,,!default_hiniker_straight-plow.png,No,Powder Coat,No,No,No,3,3,52,,
107,13,8902,TRUE,straight,108,0,0,93,0,0,30,30,,2-Jan,835,steel,,8-Mar,6,,,10,2,full blade,4,,,,,,,,both,wired,,,,2 years,,!default_hiniker_straight-plow.png,No,Powder Coat,No,No,No,3,3,52,,
108,13,7802,TRUE,straight,96,0,0,83,0,0,30,30,12,2-Jan,733,steel,,8-Mar,6,,,7,2,trip edge,4,,,,,,,,both,wired,,,,2 years,,!default_hiniker_straight-plow.png,No,Powder Coat,No,No,No,3,3,52,,
110,13,7902,TRUE,straight,108,0,0,93,0,0,30,30,12,2-Jan,767,steel,,8-Mar,6,,,7,2,trip edge,4,,,,,,,,both,wired,,,,2 years,,!default_hiniker_straight-plow.png,No,Powder Coat,No,No,No,3,3,52,,
111,13,10331,TRUE,straight,120,0,0,103,0,0,32,32,12,2-Jan,894,steel,,2-Jan,8,,,7,2,trip edge,6,,,,,,,,both,wired,,,,2 years,,!default_hiniker_straight-plow.png,No,Powder Coat,No,No,No,3,3,54,,
112,13,10332,TRUE,straight,120,0,0,103,0,0,32,32,12,2-Jan,938,steel,,2-Jan,8,,,7,2,trip edge,6,,,,,,,,both,wired,,,,2 years,,!default_hiniker_straight-plow.png,No,Powder Coat,No,No,No,3,3,54,,
113,13,2752,TRUE,straight,90,0,0,77,0,0,30,30,12,2-Jan,603,steel,,8-Mar,6,,,4,2,trip edge,2,,,,,,,,both,wired,,,,2 years,,!default_hiniker_straight-plow.png,No,Powder Coat,No,No,No,3,3,52,,
114,13,2802,TRUE,straight,96,0,0,82,0,0,30,30,12,2-Jan,614,steel,,8-Mar,6,,,4,2,trip edge,2,,,,,,,,both,wired,,,,2 years,,!default_hiniker_straight-plow.png,No,Powder Coat,No,No,No,3,3,52,,
115,13,2852,TRUE,straight,102,0,0,87,0,0,30,30,12,2-Jan,649,steel,,8-Mar,6,,,4,2,trip edge,4,,,,,,,,both,wired,,,,2 years,,!default_hiniker_straight-plow.png,No,Powder Coat,No,No,No,3,3,52,,
116,13,700,TRUE,straight,84,0,0,0,0,0,26,26,12,2-Jan,449,steel,,8-Mar,6,,,6,2,trip edge,2,,,,,,,,both,wired,,,,2 years,,!default_hiniker_straight-plow.png,No,Powder Coat,No,No,No,3,2,48,,
117,13,750,TRUE,straight,90,0,0,0,0,0,26,26,12,2-Jan,460,steel,,8-Mar,6,,,6,2,,2,,,,,,,,both,wired,,,,2 years,,!default_hiniker_straight-plow.png,No,Powder Coat,No,No,No,3,2,48,,
120,3,7600 HD,FALSE,straight,90,0,0,81,0,0,31,31,12,2-Jan,667,steel,,2-Jan,6,,,6,2,full blade,2,,,,,,,,both,wired,,,,2 years,,plows_blizzard_7600hd-7-6_2015.jpg,No,Powder Coat,No,No,No,3,3,53,,
121,3,8000 HD,FALSE,straight,96,0,0,86,0,0,31,31,12,2-Jan,684,steel,,2-Jan,6,,,6,2,full blade,2,,,,,,,,both,wired,,,,2 years,,plows_blizzard_8000hd-8-0_2015.jpg,No,Powder Coat,No,No,No,3,3,53,,
122,3,8600 HD,FALSE,straight,102,0,0,91,0,0,31,31,12,2-Jan,701,steel,,2-Jan,6,,,6,2,full blade,2,,,,,,,,both,wired,,,,2 years,,plows_blizzard_8600hd-8-6_2015.jpg,No,Powder Coat,No,No,No,3,3,53,,
123,3,9000 HD,FALSE,straight,108,0,0,97,0,0,31,31,12,2-Jan,718,steel,,2-Jan,6,,,6,2,full blade,2,,,,,,,,both,wired,,,,2 years,,plows_blizzard_9000hd-9-0_2015.jpg,No,Powder Coat,No,No,No,3,3,53,,
134,5,Sport Duty Poly 7',FALSE,straight,84,0,0,73,0,0,26,26,,4-Jan,372,poly,optional,4-Jan,6,,,4,2,full blade,2,extension,1.5,6.5,sa,1.75,10,,both,wired,SmartHitch 2,optional,,2 Year Parts & Labor,Plow weight does not include vehicle mount weight. Vehicle mount weight range = 45-75 lbs.,plows_boss_sportDuty_7-0poly_2015.jpg,No,Powder Coat,No,No,Optional,4,2,43,,
135,5,"Sport Duty Poly 7'6""",FALSE,straight,90,0,0,78,0,0,26,26,,4-Jan,421,poly,optional,8-Mar,6,,,6,2,full blade,2,extension,1.5,6.5,sa,1.75,10,,both,wired,SmartHitch 2,optional,,2 Year Parts & Labor,Plow weight does not include vehicle mount weight. Vehicle mount weight range = 45-75 lbs.,plows_boss_sportDuty_7-6poly_2015.jpg,No,Powder Coat,No,No,Optional,4,2,43,,
136,5,"Standard Duty Steel 7'6""         ",FALSE,straight,90,0,0,78,0,0,27.5,27.5,14,,597,steel,included,8-Mar,6,,,7,,full blade,3,extension,1.5,10,sa,2,10,,both,wired,SmartHitch 2,optional,,2 years parts and labor,,plows_boss_standardDuty_7-6_2015.jpg,No,Powder Coat,No,No,Optional,4,2,45,,
137,5,"Super Duty Steel 7'6""",FALSE,straight,90,0,0,78,0,0,29,29,11,,680,steel,included,2-Jan,6,,,7,2,,4,,1.5,10,,,10,,,wired,SmartHitch 2,,,2 years parts and labor,,!default_boss_straight-plow.png,No,Powder Coat,No,No,Optional,4,2,46,,
138,5,"Super Duty Steel 8'0""",FALSE,straight,96,0,0,83,0,0,29,29,11,,698,steel,included,2-Jan,6,,,7,2,,4,,1.5,10,,,10,,,wired,SmartHitch 2,,,2 years parts and labor,,!default_boss_straight-plow.png,No,Powder Coat,No,No,Optional,4,2,46,,
139,5,"Super Duty Steel 8'6""",FALSE,straight,102,0,0,88,0,0,29,29,11,2-Jan,720,steel,included,2-Jan,6,,,7,2,full blade,4,extension,1.5,10,sa,2,10,,both,wired,SmartHitch 2,optional,,2 years parts and labor,,plows_boss_superDuty_8-6_2015.jpg,No,Powder Coat,No,No,Optional,4,2,46,,
140,5,"Super Duty Steel 9'0""",FALSE,straight,108,0,0,93.5,0,0,29,29,11,2-Jan,742,steel,included,2-Jan,6,,,7,2,full blade,4,extension,1.5,10,sa,2,10,,both,wired,SmartHitch 2,optional,,2 years parts and labor,,plows_boss_superDuty_9-0_2015.jpg,No,Powder Coat,No,No,Optional,4,2,46,,
142,5,"Super Duty Poly 7'6""",FALSE,straight,90,0,0,78,0,0,29,29,,8-Mar,706,poly,included,2-Jan,6,,,7,2,full blade,4,extension,1.5,10,sa,2,10,,both,wired,SmartHitch 2,optional,,2 Year Parts & Labor,,plows_boss_superDuty_7-6poly_2015.jpg,No,Powder Coat,No,No,Optional,4,2,46,,
144,5,"Super Duty Poly 8'0""",FALSE,straight,96,0,0,0,83,0,29,29,,8-Mar,722,poly,included,2-Jan,6,,,7,2,full blade,4,extension,1.5,10,sa,2,10,,both,wired,SmartHitch 2,optional,,2 years parts and labor,,plows_boss_superDuty_8-0poly_2015.jpg,No,Powder Coat,No,No,Optional,4,2,46,,
145,5,Super Duty Stainless 8',FALSE,straight,96,0,0,83,0,0,29,29,14,,747,stainless,included,2-Jan,6,,,7,2,trip edge,4,extension,1.5,10,sa,2,10,,both,wired,SmartHitch 2,optional,,2 years parts and labor,,plows_boss_superDuty_8-0ss_2015.jpg,No,Powder Coat,No,No,Optional,4,2,46,,
146,5,Super Duty Stainless 9',FALSE,straight,108,0,0,93.5,0,0,29,29,14,,794,stainless,included,2-Jan,6,,,7,2,full blade,4,extension,1.5,10,sa,2,10,,both,wired,SmartHitch 2,optional,,2 years parts and labor,,plows_boss_superDuty_9-0ss_2015.jpg,No,Powder Coat,No,No,Optional,4,2,46,,
150,5,Trip Edge Super Duty Steel 7'6,FALSE,straight,90,0,0,78,0,0,31,31,11,,772,steel,included,,0,,,6,2,trip edge,4,extension,1.5,10,sa,2,10,,both,wired,SmartHitch 2/Universal tool carrier,optional,,2 years parts and labor,,plows_boss_tripEdge_7-6_2015.jpg,No,Powder Coat,No,No,Optional,4,3,48,,
151,23,MD68,FALSE,straight,80,0,0,69.2,0,0,24,24,14,0.075,380,stainless,included, 3/8,6,,0,6,0,full blade,2,extension,1.5,10,,1.5,6,,keypad,wired,QuickMount II+,standard,,2 years,,,No,Powder Coat,Yes,,No,2,1,46,Lq2M9PbKFFM,https://www.buyersproducts.com/UserFiles/Print-Catalogs/LITPLOW_D_lr.pdf
152,23,MD75,FALSE,straight,90,0,0,78,0,0,24,24,14,0.075,400,stainless,included, 3/8,6,,0,8,0,full blade,2,extension,1.5,10,,1.5,6,,keypad,wired,QuickMount,standard,,2 years,,,No,Powder Coat,Yes,,No,2,1,46,Lq2M9PbKFFM,https://www.buyersproducts.com/UserFiles/Print-Catalogs/LITPLOW_D_lr.pdf
153,23,MD80,FALSE,straight,96,0,0,83,0,0,24,24,14,0.075,439,stainless,included, 1/2,6,,0,10,0,full blade,2,extension,1.5,10,,1.5,6,,keypad,wired,QuickMount,standard,,2 years,,,No,Powder Coat,Yes,,No,2,1,46,Lq2M9PbKFFM,https://www.buyersproducts.com/UserFiles/Print-Catalogs/LITPLOW_D_lr.pdf
154,23,VMD75,FALSE,vplow,90,0,0,78,0,78,26,33,14,0.075,700,stainless,optional, 3/8,6,,0,6,0,trip edge,4,extension,1.5,12,,1.5,6,,keypad,wired,QuickMount,standard,,2 years,,,No,Powder Coat,Yes,,No,3,5,60,Z605bSHdWHU,https://www.buyersproducts.com/UserFiles/Print-Catalogs/LITPLOW_D_lr.pdf
155,23,HD75,FALSE,straight,90,0,0,78,0,0,29,29,12,0.105,680,Stainless,included, 3/8,6,,0,9,0,full blade,4,extension,1.5,12,single acting,2,6,single acting,keypad,wired,QuickMount,Standard,,2 years,,HD-EX_45.jpg,No,Powder Coat,Yes,,No,2,2,51,U7inSsluGkQ,https://www.buyersproducts.com/UserFiles/Print-Catalogs/LITPLOW_D_lr.pdf
156,23,EX75,FALSE,straight,90,0,0,78,0,0,31,31,12,0.105,745,Stainless,included, 1/2,6,,0,9,0,full blade,4,extension,1.5,12,single acting,2,6,single acting,keypad,wired,QuickMount,Standard,,2 years,,HD-EX_45.jpg,No,Powder Coat,Yes,,No,2,3,53,Z605bSHdWHU,https://www.buyersproducts.com/UserFiles/Print-Catalogs/LITPLOW_D_lr.pdf
157,23,EX80,FALSE,straight,96,0,0,88.3,0,0,31,31,12,0.105,765,Stainless,included, 1/2,6,,0,9,0,full blade,4,extension,1.5,12,single acting,2,6,single acting,keypad,wired,QuickMount,Standard,,2 years,,HD-EX_45.jpg,No,Powder Coat,Yes,,No,2,3,53,Z605bSHdWHU,https://www.buyersproducts.com/UserFiles/Print-Catalogs/LITPLOW_D_lr.pdf
159,23,EX90,FALSE,straight,108,0,0,93.5,0,0,31,31,12,0.105,805,Stainless,included, 1/2,6,,0,9,0,full blade,4,extension,1.5,12,single acting,2,6,single acting,keypad,wired,QuickMount,Standard,,2 years,,HD-EX_45.jpg,No,Powder Coat,Yes,,No,2,3,53,Z605bSHdWHU,https://www.buyersproducts.com/UserFiles/Print-Catalogs/LITPLOW_D_lr.pdf
160,23,TE75 II,TRUE,straight,90,0,0,78,0,0,31,31,12,0.105,705,Stainless,included, 3/8,6,,0,8,0,trip edge,4,extension,1.5,12,single acting,2,6,single acting,keypad,wired,QuickMount II+,Standard,,2 years,,TEII_45_a.jpg,No,Powder Coat,Yes,,No,2,3,53,Z605bSHdWHU,https://www.buyersproducts.com/UserFiles/Print-Catalogs/LITPLOW_D_lr.pdf
161,23,TE80 II,TRUE,straight,96,0,0,83,0,0,31,31,12,0.105,772,Stainless,included, 1/2,6,,0,8,0,trip edge,4,extension,1.5,12,single acting,2,6,single acting,keypad,wired,QuickMount II+,Standard,,2 years,,TEII_45_a.jpg,No,Powder Coat,Yes,,No,2,3,53,Z605bSHdWHU,https://www.buyersproducts.com/UserFiles/Print-Catalogs/LITPLOW_D_lr.pdf
162,23,VXF85,FALSE,vplow,102,0,88,88,0,88,29,37,12,0.105,948,Stainless,optional, 1/2,6,,0,8,0,trip edge,4,extension,1.5,12,double acting,2,6,single acting,keypad,wired,QuickMount,Standard,,2 years,,VXF85_45.jpg,No,Powder Coat,Yes,,No,3,5,64,Z605bSHdWHU,https://www.buyersproducts.com/UserFiles/Print-Catalogs/LITPLOW_D_lr.pdf
163,23,VXF95,FALSE,vplow,114,0,99,99,0,99,29,37,12,0.105,983,Stainless,optional, 1/2,6,,0,8,0,trip edge,4,extension,1.5,12,double acting,2,6,single acting,keypad,wired,QuickMount,Standard,,2 years,,VXF85_45.jpg,No,Powder Coat,Yes,,No,3,5,64,Z605bSHdWHU,https://www.buyersproducts.com/UserFiles/Print-Catalogs/LITPLOW_D_lr.pdf
164,23,XP810,TRUE,expandable,120,96,0,104,87,0,29,29,12,0.105,1021,Stainless,included, 1/2,6, 1/2,6,9,0,full blade,4,extension,1.5,12,single acting,2,6,single acting,keypad,wired,QuickMount,Standard,,2 years,,XP810_45.jpg,No,Powder Coat,Yes,,No,4,5,66,Z605bSHdWHU,https://www.buyersproducts.com/UserFiles/Print-Catalogs/LITPLOW_D_lr.pdf
165,23,CM100,TRUE,straight,120,0,0,104,0,0,31,31,12,0.105,1100,Stainless,included, 1/2,6,,0,10,2,full blade,6,extension,2,12,single acting,2,6,single acting,keypad,wired,QuickMount,Standard,,2 years,,CM100_45.jpg,No,Powder Coat,Yes,,No,2,3,53,Z605bSHdWHU,https://www.buyersproducts.com/UserFiles/Print-Catalogs/LITPLOW_D_lr.pdf
166,5,Trip Edge Super Duty Steel 8',FALSE,straight,96,0,0,93.5,0,0,31,31,11,,788,steel,included,2-Jan,6,,,6,2,trip edge,4,extension,1.5,10,sa,2,10,,both,wired,SmartHitch 2/Universal tool carrier,optional,,2 years parts and labor,,plows_boss_tripEdge_8-0_2015.jpg,No,Powder Coat,No,No,Optional,4,3,48,,
167,5,"Trip Edge Super Duty Steel 9""",FALSE,straight,108,0,0,93.5,0,0,31,31,11,,828,steel,included,2-Jan,6,,,8,2,trip edge,4,extension,1.5,10,sa,2,10,,both,wired,SmartHitch 2/Universal tool carrier,optional,,2 years parts and labor,,plows_boss_tripEdge_9-0_2015.jpg,No,Powder Coat,No,No,Optional,4,3,48,,
168,5,"Trip Edge Super Duty Stainless 7'6""",FALSE,straight,90,0,0,78,0,0,31,31,14,,831,stainless,included,,6,,,6,2,trip edge,4,extension,1.5,10,sa,2,10,,both,wired,SmartHitch 2/Universal tool carrier,optional,,2 years parts and labor,,plows_boss_tripEdge_7-6ss_2015.jpg,No,Powder Coat,No,No,Optional,4,3,48,,
169,5,Trip Edge Super Duty Stainless 8',FALSE,straight,96,0,0,0,83,0,31,31,14,,849,stainless,included,,6,,,6,2,trip edge,4,extension,1.5,10,sa,2,10,,both,wired,SmartHitch 2/Universal tool carrier,optional,,2 years parts and labor,,plows_boss_tripEdge_8-0ss_2015.jpg,No,Powder Coat,No,No,Optional,4,3,48,,
170,5,Trip Edge Super Duty Stainless 9',FALSE,straight,108,0,0,0,93.5,0,31,31,14,,897,stainless,included,,6,,,8,2,trip edge,4,extension,1.5,10,sa,2,10,,both,wired,SmartHitch 2/Universal tool carrier,optional,,2 years parts and labor,,plows_boss_tripEdge_9-0ss_2015.jpg,No,Powder Coat,No,No,Optional,4,3,48,,
171,5,"Power-V XT Steel 7'6""",FALSE,vplow,90,81,74,77,0,0,36,36,14,,713,steel,optional,2-Jan,6,,,6,2,full blade,4,extension,1.5,10,sa,2,10,,both,wired,SmartHitch 2,optional,Steel,2 years parts and labor,,plows_boss_vXT_7-6_2015.jpg,No,Powder Coat,No,No,Optional,5,5,58,,
173,5,"Power-V XT Steel 8'2""",FALSE,vplow,98,88,81,85,0,0,37,37,11,,785,steel,optional,2-Jan,6,,,6,2,full blade,4,extension,1.5,10,sa,2,10,,,wired,SmartHitch 2,optional,Steel,2 years parts and labor,,plows_boss_vXT_8-2_2015.jpg,No,Powder Coat,No,No,Optional,5,5,59,,
174,5,"Power-V XT Steel 9'2""",FALSE,vplow,110,99,92,95,0,0,38,38,11,,842,steel,,2-Jan,6,,,8,2,full blade,4,extension,1.5,10,sa,2,10,,both,wired,SmartHitch 2,optional,Steel,2 years parts and labor,,plows_boss_vXT_9-2_2015.jpg,No,Powder Coat,No,No,Optional,5,5,60,,
176,5,"Power-V DXT 8' 2""",FALSE,vplow,98,88,81,85,0,0,30,37.5,11,,868,steel,optional,,6,,,6,2,dual trip,4,extension,1.5,10,sa,2,10,,both,wired,SmartHitch 2,optional,Steel,2 years parts and labor,,plows_boss_vDXT_8-2_2015.jpg,No,Powder Coat,No,No,Optional,5,5,60,,
177,5,"Power-V DXT Poly 8'2""",FALSE,vplow,98,88,81,85,0,0,30,37.5,,8-Mar,878,poly,,2-Jan,6,,,6,2,dual trip,4,extension,1.5,10,sa,2,10,,both,wired,SmartHitch 2,optional,Steel,2 years parts and labor,,plows_boss_vDXT_8-2_2015.jpg,No,Powder Coat,No,No,Optional,5,5,60,,
178,5,"Power-V DXT Stainless 8'2""",FALSE,vplow,98,88,81,85,0,0,30,37.5,12,,920,stainless,optional,,6,,,6,2,dual trip,4,extension,1.5,10,sa,2,10,,both,wired,SmartHitch 2,optional,Steel,2 years parts and labor,,plows_boss_vDXTss_8-2_2015.jpg,No,Powder Coat,No,No,Optional,5,5,60,,
179,5,"DXT Steel 9'2""",FALSE,vplow,110,99,92,0,95,0,30,38.5,11,,925,steel,,,6,,,8,2,,4,,1.5,10,,,,,,wired,SmartHitch 2,,,2 years parts and labor,,!default_boss_vee-plow.png,No,Powder Coat,No,No,Optional,5,5,61,,
180,5,"Power-V DXT Poly 9'2""",FALSE,vplow,110,99,92,95,0,0,30,38.5,,8-Mar,935,poly,optional,2-Jan,6,,,8,2,dual trip,4,extension,1.5,10,sa,2,10,,both,wired,SmartHitch 2,optional,Steel,2 years parts and labor,,plows_boss_vDXT_9-2_2015.jpg,No,Powder Coat,No,No,Optional,5,5,61,,
181,5,"Power-V DXT Stainless 9'2""",FALSE,vplow,110,99,92,95,0,0,30,38.5,12,,977,stainless,optional,,6,,,8,2,dual trip,4,extension,1.5,10,sa,2,10,,both,wired,SmartHitch 2,optional,Steel,2 years parts and labor,,plows_boss_vDXTss_9-2_2015.jpg,No,Powder Coat,No,No,Optional,5,5,61,,
182,5,SXT Heavy Duty Steel 10',FALSE,vplow,120,107,102,0,104,0,35,45,11,,1205,steel,,,6,,,8,2,,4,,2,10,,,12,,,wired,SmartHitch 2,,,2 years parts and labor,,!default_boss_vee-plow.png,No,Powder Coat,No,No,Optional,5,5,67,,
183,5,DXT Heavy Duty 10',FALSE,straight,120,0,0,104,0,0,34.5,34.5,7,,1205,steel,included,2-Jan,6,,,8,2,full blade,6,extension,2,10,sa,2.25,12,,both,wired,SmartHitch 2,optional,,2 years parts and labor,,!default_boss_straight-plow.png,No,Powder Coat,No,No,Optional,4,3,52,,
185,5,Standard Duty Poly 7'6',FALSE,straight,90,0,0,0,78,0,27.5,27.5,,8-Mar,633,poly,included,8-Mar,6,,,7,,full blade,3,extension,1.5,10,sa,2,10,,both,wired,SmartHitch 2,optional,,2 Year Parts & Labor,Plow weight does not include vehicle mount weight. Vehicle mount weight range = 75-105 lbs.,!default_boss_straight-plow.png,No,Powder Coat,No,No,Optional,4,2,45,,
186,5,"Power-V Steel 7'6""",FALSE,vplow,90,81,74,0,77,0,30,30,14,,700,steel,optional,2-Jan,6,,,6,2,,4,,1.5,10,,,10,,,wired,SmartHitch 2,,,2 years parts and labor,,!default_boss_vee-plow.png,No,Powder Coat,No,No,Optional,5,5,52,,
187,5,"Power-V Steel 8'2""",FALSE,vplow,98,88,81,0,85,0,30,30,11,,770,steel,optional,2-Jan,6,,,6,2,,4,,,10,,,10,,,wired,SmartHitch 2,,,2 years parts and labor,,!default_boss_vee-plow.png,No,Powder Coat,No,No,Optional,5,5,52,,
188,5,"Power-V Steel 9'2""",FALSE,vplow,110,99,92,0,95,0,30,30,11,,838,steel,optional,2-Jan,6,,,8,2,full blade,4,extension,1.5,10,sa,2,10,da,both,wired,SmartHitch 2,optional,Rubber,2 years parts and labor,,!default_boss_vee-plow.png,No,Powder Coat,No,No,Optional,5,5,52,,
189,5,"Power-V XT Steel 8'2""",FALSE,vplow,98,88,81,0,85,0,30,37,11,,785,steel,optional,2-Jan,6,,,6,2,,4,,1.5,10,,,10,,,wired,SmartHitch 2,,,2 years parts and labor,,!default_boss_vee-plow.png,No,Powder Coat,No,No,Optional,5,5,59,,
190,5,"Power-V XT Steel 9'2""",FALSE,vplow,110,99,92,0,95,0,30,38,11,,842,steel,optional,2-Jan,6,,,8,2,,4,,1.5,10,,,10,,,wired,SmartHitch 2,,,2 years parts and labor,,!default_boss_vee-plow.png,No,Powder Coat,No,No,Optional,5,5,60,,
191,5,"Poly Power-V XT 8'2""",FALSE,vplow,98,88,81,0,85,0,30,37,,8-Mar,795,poly,optional,2-Jan,6,,,6,2,full blade,4,extension,1.5,10,sa,2,10,da,both,wired,SmartHitch 2,optional,Rubber Boot,2 years parts and labor,,!default_boss_vee-plow.png,No,Powder Coat,No,No,Optional,5,5,59,,
192,5,"Poly Power-V XT 9'2""",FALSE,vplow,110,99,92,0,95,0,30,38,,8-Mar,852,poly,optional,2-Jan,6,,,8,2,full blade,4,extension,1.5,10,sa,2,10,da,both,wired,SmartHitch 2,optional,Rubber,2 years parts and labor,,!default_boss_vee-plow.png,No,Powder Coat,No,No,Optional,5,5,60,,
193,5,"Heavy Duty Steel 10'0""",FALSE,straight,120,0,0,104,0,0,34.5,34.5,7,,1205,steel,included,2-Jan,6,,,8,2,full blade,6,extension,2,10,sa,2.25,12,,both,wired,SmartHitch 2,optional,,2 years parts and labor,,plows_boss_heavyDuty_10-0_2015.jpg,No,Powder Coat,No,No,Optional,4,3,52,,
194,5,Power-V DXT 10',FALSE,vplow,120,107,102,104,0,0,34.5,34.5,11,,1105,steel,optional,1.5,6,,,8,2,full blade,4,extension,2,10,sa,2.25,12,,both,wired,SmartHitch 2,optional,Rubber,2 years parts and labor,,plows_boss_vDXT_10-0_2015.jpg,No,Powder Coat,No,No,Optional,5,5,57,,
198,5,Super Duty XT Steel 8',FALSE,straight,96,0,0,83,0,0,32,32,11,,776,steel,included,2-Jan,8,,,7,2,full blade,4,extension,1.5,10,sa,2,10,da,both,wired,SmartHitch 2,optional,,2 years parts and labor,,!default_boss_straight-plow.png,No,Powder Coat,No,No,Optional,4,3,49,,
200,5,"Super Duty XT Steel 8'6""",FALSE,straight,102,0,0,88,0,0,32,32,11,,803,steel,included,2-Jan,8,,,7,2,full blade,4,extension,1.5,10,sa,2,10,da,both,wired,SmartHitch 2,optional,,2 years parts and labor,,!default_boss_straight-plow.png,No,Powder Coat,No,No,Optional,4,3,49,,
202,5,Super Duty XT Steel 9',FALSE,straight,108,0,0,0,93.5,0,32,32,11,,831,steel,included,2-Jan,10,,,7,2,full blade,4,extension,1.5,10,sa,2,10,da,both,wired,SmartHitch 2,optional,,2 years parts and labor,,!default_boss_straight-plow.png,No,Powder Coat,No,No,Optional,4,3,49,,
210,5,"Power-V Poly 8'2""",FALSE,vplow,98,88,81,0,84,0,30.5,30.5,,8-Mar,800,poly,optional,2-Jan,6,,,6,2,,4,,1.5,10,,,10,,,wired,SmartHitch 2,,,2 years parts and labor,,!default_boss_vee-plow.png,No,Powder Coat,No,No,Optional,5,5,53,,
211,5,"Power- V Poly 9'2""",FALSE,vplow,110,99,95,0,95,0,30.5,30.5,,8-Mar,866,poly,optional,2-Jan,6,,,8,2,,4,,1.5,10,,,10,,,wired,SmartHitch 2,,,2 years parts and labor,,!default_boss_vee-plow.png,No,Powder Coat,No,No,Optional,5,5,53,,
215,18,"22-6'-8""",TRUE,straight,80,0,0,69,0,0,22,22,,,275,poly,optional,4-Jan,4.5,,,4,2,full blade,2,,,,,,,,both,both,Drive In,,,2 Years,,plows_snoway_22-6-8_2015.jpg,Available,Powder Coat,Yes,Yes,No,4,1,59,V9mntlAY85M,http://snowplownews.com/cm/pdfs/plowBrochure_snoway_22_20141215.pdf
216,18,"29THD-8'-0""",TRUE,straight,96,0,0,83,0,0,29,29,,,630,steel,optional,2-Jan,6,,,6,,dual trip,2,,,,,,,,both,both,Drive In,,,2 Years,,plows_snoway_29-8-0-THD_2015.jpg,Available,Powder Coat,Yes,Yes,No,4,2,66,oSyowWB7AeE,http://snowplownews.com/cm/pdfs/plowBrochure_snoway_29thd_20141215.pdf
217,18,"29THD-7'-6""",TRUE,straight,90,0,0,77,0,0,29,29,,,614,steel,optional,2-Jan,6,,,6,,full blade,2,,,,,,,,both,both,Drive In,,,2 Years,,plows_snoway_29-7-6-THD_2015.jpg,Available,Powder Coat,Yes,Yes,No,4,2,66,oSyowWB7AeE,http://snowplownews.com/cm/pdfs/plowBrochure_snoway_29thd_20141215.pdf
218,18,"29HD-8'-0""",TRUE,straight,96,0,0,83,0,0,29,29,,,635,steel,optional,8-Mar,6,,,7,,full blade,2,,,,,,,,both,both,Drive In,,,2 Years,,plows_snoway_29-8-0-HD_2015.jpg,Available,Powder Coat,Yes,Yes,No,4,2,66,,http://snowplownews.com/cm/pdfs/plowBrochure_snoway_29hd_20141215.pdf
219,18,"32C-10'-0""",TRUE,straight,120,0,0,102,0,0,32,32,,,758,steel,optional,2-Jan,6,,,7,,full blade,2,,,,,,,,both,both,Drive In,optional,,2 Years,,plows_snoway_32-10-0-C_2015.jpg,Available,Powder Coat,Yes,Yes,No,4,3,69,,http://snowplownews.com/cm/pdfs/plowBrochure_snoway_32contractor_20141215.pdf
220,18,"32C-9'-0""",TRUE,straight,108,0,0,94,0,0,32,32,,,718,steel,optional,2-Jan,6,,,7,,full blade,2,,,,,,,,both,both,Drive In,optional,,2 Years,,plows_snoway_32-9-0-C_2015.jpg,Available,Powder Coat,Yes,Yes,No,4,3,69,,http://snowplownews.com/cm/pdfs/plowBrochure_snoway_32contractor_20141215.pdf
221,18,"32C-8'-6""",TRUE,straight,102,0,0,89,0,0,32,32,,,704,steel,optional,2-Jan,6,,,7,,full blade,2,,,,,,,,both,both,Drive In,optional,,2 Years,,plows_snoway_32-8-6-C_2015.jpg,Available,Powder Coat,Yes,Yes,No,4,3,69,,http://snowplownews.com/cm/pdfs/plowBrochure_snoway_32contractor_20141215.pdf
294,15,Drive Pro 5',TRUE,straight,60,0,0,54,0,0,22.5,22.5,14,,315,steel,optional, 1/4,6,,,6,,full blade,2,,,,,,,,,,,,,5 Years,,meyer_DriveProSteel.jpg,,,,,,3,1,33,dljN_jcOmJ0,
295,15,Drive Pro 6',TRUE,straight,72,0,0,65,0,0,22.5,22.5,14,,350,steel,optional, 1/4,6,,,6,,full blade,2,,,,,,,,,,,,,5 Years,,meyer_DriveProSteel.jpg,,,,,,3,1,33,dljN_jcOmJ0,
296,15,"Drive Pro 6' 8""",TRUE,straight,93,0,0,72,0,0,22.5,22.5,14,,375,steel,optional, 3/8,6,,,6,,full blade,2,,,,,,,,,,,,,5 Years,,meyer_DriveProSteel.jpg,,,,,,3,1,33,dljN_jcOmJ0,
297,15,"Drive Pro 7' 6""",TRUE,straight,90,0,0,81,0,0,26,26,14,,400,steel,optional, 3/8,6,,,6,,full blade,2,,,,,,,,,,,,,5 Years,,meyer_DriveProSteel.jpg,,,,,,3,2,36,dljN_jcOmJ0,
298,15,"Lot Pro LD 7' 5""",TRUE,straight,90,0,0,81,0,0,28,28,14,,575,steel,optional, 3/8,6,,,6,,full blade,4,,,,,,,,,,,,,5 Years,,meyer_LotProLD.jpg,,,,,,3,2,38,Q8Li8bLRz44,
299,15,"Lot Pro Poly LD 7'5""",TRUE,straight,90,0,0,81,0,0,28,28,, 3/8,620,poly,optional, 3/8,6,,,6,,full blade,4,,,,,,,,,,,,,5 Years,,meyer_LotProLD.jpg,,,,,,3,2,38,Q8Li8bLRz44,
300,15,"Lot Pro 7'5""",TRUE,straight,90,0,0,81,0,0,32,32,12,,773,steel,optional, 1/2,6,,,6,,full blade,4,,,,,,,,,,,,,5 Years,,meyer_LotPro.jpg,,,,,,3,3,42,Q8Li8bLRz44,
301,15,"Lot Pro Poly 7'5""",TRUE,straight,90,0,0,81,0,0,32,32,, 3/8,893,poly,optional, 1/2,6,,,6,,full blade,4,,,,,,,,,,,,,5 Years,,meyer_LotPro.jpg,,,,,,3,3,42,Q8Li8bLRz44,
302,15,Lot Pro 8',TRUE,straight,96,0,0,86,0,0,32,32,12,,820,steel,optional, 1/2,6,,,6,,full blade,4,,,,,,,,,,,,,5 Years,,meyer_LotPro.jpg,,,,,,3,3,42,Q8Li8bLRz44,
303,15,Lot Pro Poly 8',TRUE,straight,96,0,0,86,0,0,32,32,, 3/8,912,poly,optional, 1/2,6,,,6,,full blade,4,,,,,,,,,,,,,5 Years,,meyer_LotPro.jpg,,,,,,3,3,42,Q8Li8bLRz44,
304,15,"Lot Pro 8'5""",TRUE,straight,102,0,0,92,0,0,32,32,12,,835,steel,optional, 1/2,6,,,6,,full blade,4,,,,,,,,,,,,,5 Years,,meyer_LotPro.jpg,,,,,,3,3,42,Q8Li8bLRz44,
305,15,"Lot Pro Poly 8'5""",TRUE,straight,102,0,0,92,0,0,32,32,, 3/8,932,poly,optional, 1/2,6,,,6,,full blade,4,,,,,,,,,,,,,5 Years,,meyer_LotPro.jpg,,,,,,3,3,42,Q8Li8bLRz44,
306,15,Lot Pro 9',TRUE,straight,108,0,0,97,0,0,32,32,12,,843,steel,optional, 1/2,6,,,6,,full blade,4,,,,,,,,,,,,,5 Years,,meyer_LotPro.jpg,,,,,,3,3,42,Q8Li8bLRz44,
307,15,Lot Pro Poly 9',TRUE,straight,108,0,0,97,0,0,32,32,, 3/8,943,poly,optional, 1/2,6,,,6,,full blade,4,,,,,,,,,,,,,5 Years,,meyer_LotPro.jpg,,,,,,3,3,42,Q8Li8bLRz44,
308,15,Road Pro 32 8,TRUE,straight,96,0,0,86,0,0,32,32,10,,908,steel,optional, 1/2,6,,,8,,full blade,6,,,,,,,,,,,,,5 Years,,meyer_RoadPro32.jpg,,,,,,3,3,42,,
309,15,Road Pro 32 9,TRUE,straight,108,0,0,103,0,0,32,32,10,,925,steel,optional, 1/2,6,,,8,,full blade,6,,,,,,,,,,,,,5 Years,,meyer_RoadPro32.jpg,,,,,,3,3,42,,
310,15,Road Pro 32 10,TRUE,straight,120,0,0,97,0,0,32,32,10,,943,steel,optional, 1/2,6,,,8,,full blade,6,,,,,,,,,,,,,5 Years,,meyer_RoadPro32.jpg,,,,,,3,3,42,,
311,15,Road Pro 36 9,TRUE,straight,108,0,0,93,0,0,36,36,7,,1629,steel,optional, 1/2,7,,,8,,full blade,6,,,,,,,,,,,,,5 Years,,meyer_RoadPro36steel.jpg,,,,,,3,3,46,,
312,15,Road Pro 36 10,TRUE,straight,120,0,0,104,0,0,36,36,7,,1683,steel,optional, 1/2,8,,,8,,full blade,6,,,,,,,,,,,,,5 Years,,meyer_RoadPro36steel.jpg,,,,,,3,3,46,,
313,15,Road Pro 36 10,TRUE,straight,120,0,0,104,0,0,36,36,, 3/8,1590,poly,optional, 1/2,9,,,8,,full blade,6,,,,,,,,,,,,,5 Years,,meyer_RoadPro36Poly.jpg,,,,,,3,3,46,,
314,15,Road Pro 36 10,TRUE,straight,120,0,0,104,0,0,36,36,7,,1923,steel,optional, 3/4,6,,,8,,trip edge,6,,,,,,,,,,,,,5 Years,,meyer_RoadPro36steel.jpg,,,,,,3,3,46,,
315,15,Road Pro 36 11,TRUE,straight,132,0,0,114,0,0,36,36,7,,1741,steel,optional, 3/4,6,,,8,,full blade,6,,,,,,,,,,,,,5 Years,,meyer_RoadPro36steel.jpg,,,,,,3,3,46,,
316,15,Diamond Edge 7.5,TRUE,straight,90,0,0,82,0,0,32.5,32.5,12,,828,steel,optional, 1/2,6,,,6,,trip edge,4,,,,,,,,,,,,,5 Years,,meyer_DiamondEdge.jpg,,,,,,3,3,43,pGF6gYNPQLg,
317,15,Diamond Edge 8,TRUE,straight,96,0,0,87,0,0,32.5,32.5,12,,855,steel,optional, 1/2,6,,,6,,trip edge,4,,,,,,,,,,,,,5 Years,,meyer_DiamondEdge.jpg,,,,,,3,3,43,pGF6gYNPQLg,
318,15,Diamond Edge 8.5,TRUE,straight,102,0,0,92,0,0,32.5,32.5,12,,885,steel,optional, 1/2,6,,,6,,trip edge,4,,,,,,,,,,,,,5 Years,,meyer_DiamondEdge.jpg,,,,,,3,3,43,pGF6gYNPQLg,
319,15,Diamond Edge 9,TRUE,straight,108,0,0,98,0,0,32.5,32.5,12,,905,steel,optional, 1/2,6,,,6,,trip edge,4,,,,,,,,,,,,,5 Years,,meyer_DiamondEdge.jpg,,,,,,3,3,43,pGF6gYNPQLg,
320,15,Super-V LD 7.5,TRUE,vplow,90,0,0,81,0,0,28,28,14,,582,steel,optional, 3/8,6,,,8,,trip edge,4,,,,,,,,,,,,,5 Years,,meyer_SuperV_LD.jpg,,,,,,4,4,43,jm6XcOYNiHY,
321,15,Super-V 8.5,TRUE,vplow,102,0,0,88,0,0,30.5,30.5,12,,900,steel,optional, 1/2,6,,,8,,trip edge,4,,,,,,,,,,,,,5 Years,,meyer_SuperV.jpg,,,,,,4,5,46,jm6XcOYNiHY,
322,15,Super-V 9.5,TRUE,vplow,114,0,0,99,0,0,30.5,30.5,12,,940,steel,optional, 1/2,6,,,8,,trip edge,4,,,,,,,,,,,,,5 Years,,meyer_SuperV.jpg,,,,,,4,5,46,jm6XcOYNiHY,
323,15,Super-V2 8.5,TRUE,vplow,102,0,0,88,0,0,29.5,38.25,12,,954,steel,optional, 1/2,6,,,8,,trip edge,4,,,,,,,,,,,,,5 Years,,meyer_SuperV2.jpg,,,,,,4,5,53,5Qgh2SBVbu0,
324,15,Super-V2 9.5,TRUE,vplow,114,0,0,99,0,0,29.5,39.5,12,,994,steel,optional, 1/2,6,,,8,,trip edge,4,,,,,,,,,,,,,5 Years,,meyer_SuperV2.jpg,,,,,,4,5,55,5Qgh2SBVbu0,
325,15,Super-V2 10.5,TRUE,vplow,126,0,0,109,0,0,29.5,40.5,12,,1034,steel,optional, 1/2,6,,,8,,trip edge,4,,,,,,,,,,,,,5 Years,,meyer_SuperV2.jpg,,,,,,4,5,56,5Qgh2SBVbu0,
326,15,Super-V2 Stainless Steel 8.5,TRUE,vplow,102,0,0,88,0,0,29.5,38.25,12,,1086,,optional, 1/2,6,,,8,,trip edge,4,,,,,,,,,,,,,5 Years,,meyer_SuperV2_SS.jpg,,,,,,4,5,53,5Qgh2SBVbu0,
327,15,Super-V2 Stainless Steel 9.5,TRUE,vplow,114,0,0,99,0,0,29.5,39.5,12,,1134,,optional, 1/2,6,,,8,,trip edge,4,,,,,,,,,,,,,5 Years,,meyer_SuperV2_SS.jpg,,,,,,4,5,55,5Qgh2SBVbu0,
365,5,"HTX - 7'6""",TRUE,vplow,90,0,0,77,0,0,25,32,14,,490,steel,optional, 3/8,6,,,8,,full blade,2,,,,,,,,both,wired,HTX,optional,Yes,2 Years,,!default_boss_vee-plow.png,,,,,,5,5,44,,
366,5,"XT - 7'6""",TRUE,vplow,90,0,0,77,0,0,30,36,14,,713,steel,optional, 1/2,6,,,8,,full blade,4,,,,,,,,both,wired,RT3,optional,Yes,2 Years,,plows_boss_XT_Poly_3-4_SL3.jpg,,,,,,5,5,48,,
367,5,"DXT - 8'2""",TRUE,vplow,98,0,0,85,0,0,30,37,11,,868,steel,optional, 1/2,6,,,8,,dual trip,7,,,,,,,,both,wired,RT3,optional,Yes,2 Years,,plows_boss_Steel_DXT_Front.jpg,,,,,,5,5,49,,
368,5,"DXT - 8'2""",TRUE,vplow,98,0,0,85,0,0,30,37,, 3/8,878,poly,optional, 1/2,6,,,8,,dual trip,7,,,,,,,,both,wired,RT3,optional,Yes,2 Years,,plows_boss_Steel_DXT_Front.jpg,,,,,,5,5,49,,
369,5,"DXT - 8'2""",TRUE,vplow,98,0,0,85,0,0,30,37,12,,920,stainless,optional, 1/2,6,,,8,,dual trip,7,,,,,,,,both,wired,RT3,optional,Yes,2 Years,,plows_boss_DXT_Front_000.jpg,,,,,,5,5,49,,
370,5,"DXT - 9'2""",TRUE,vplow,110,0,0,95,0,0,30,38.5,11,,925,steel,optional, 1/2,6,,,10,,dual trip,7,,,,,,,,both,wired,RT3,optional,Yes,2 Years,,plows_boss_Steel_DXT_Front.jpg,,,,,,5,5,51,,
371,5,"DXT - 9'2""",TRUE,vplow,110,0,0,95,0,0,30,37,,,935,poly,optional, 1/2,6,,,10,,dual trip,7,,,,,,,,both,wired,RT3,optional,Yes,2 Years,,plows_boss_Steel_DXT_Front.jpg,,,,,,5,5,49,,
372,5,"DXT - 9'2""",TRUE,vplow,110,0,0,95,0,0,30,37,12,,977,stainless,optional, 1/2,6,,,10,,dual trip,7,,,,,,,,both,wired,RT3,optional,Yes,2 Years,,plows_boss_DXT_Front_000.jpg,,,,,,5,5,49,,
373,5,"XT - 8'2""",TRUE,vplow,98,0,0,85,0,0,30,37,11,,785,steel,optional, 1/2,6,,,8,,full blade,4,,,,,,,,both,wired,RT3,optional,Yes,2 Years,,plows_boss_XT_Poly_3-4_SL3.jpg,,,,,,5,5,49,,
374,5,"XT - 8'2""",TRUE,vplow,98,0,0,85,0,0,30,37,, 3/8,795,poly,optional, 1/2,6,,,8,,full blade,4,,,,,,,,both,wired,RT3,optional,Yes,2 Years,,plows_boss_XT_Poly_3-4_SL3.jpg,,,,,,5,5,49,,
375,5,"XT - 9'2""",TRUE,vplow,110,0,0,85,0,0,30,38,11,,842,steel,optional, 1/2,6,,,10,,full blade,4,,,,,,,,both,wired,RT3,optional,Yes,2 Years,,plows_boss_XT_Poly_3-4_SL3.jpg,,,,,,5,5,50,,
376,5,"XT - 9'2""",TRUE,vplow,110,0,0,95,0,0,30,38,, 3/8,852,poly,optional, 1/2,6,,,10,,full blade,4,,,,,,,,both,wired,RT3,optional,Yes,2 Years,,plows_boss_XT_Poly_3-4_SL3.jpg,,,,,,5,5,50,,
377,5,DXT - 10',TRUE,vplow,120,0,0,104,0,0,35,45,11,,1205,steel,optional, 1/2,6,,,10,,dual trip,4,,,,,,,,both,wired,Heavy duty,optional,Yes,2 years,,plows_boss_Steel_DXT_Front.jpg,,,,,,5,5,57,,
378,5,HTX - 7',TRUE,straight,84,0,0,73,0,0,26,26,14,,393,steel,optional, 1/4,6,,,6,,full blade,2,,,,,,,,both,wired,HTX,optional,No,2 Years,,plows_boss_Steel_HTX_3-4_front.jpg,,,,,,4,2,33,,
379,5,HTX - 7',TRUE,straight,84,0,0,73,0,0,26,26,, 1/4,367,poly,optional, 1/4,6,,,6,,full blade,2,,,,,,,,both,wired,HTX,optional,No,2 Years,,plows_boss_Steel_HTX_3-4_front.jpg,,,,,,4,2,33,,
380,5,HTX - 7',TRUE,straight,84,0,0,73,0,0,26,26,14,,393,stainless,optional, 1/4,6,,,6,,full blade,2,,,,,,,,both,wired,HTX,optional,No,2 Years,,plows_boss_SS_HTX_3-4_front.jpg,,,,,,4,2,33,,
381,5,"HTX - 7'6""",TRUE,straight,90,0,0,78,0,0,26,26,14,,440,steel,optional, 3/8,6,,,8,,full blade,2,,,,,,,,both,wired,HTX,optional,No,2 Years,,plows_boss_Steel_HTX_3-4_front.jpg,,,,,,4,2,33,,
382,5,"HTX - 7'6""",TRUE,straight,90,0,0,78,0,0,26,26,, 1/4,416,poly,optional, 3/8,6,,,8,,full blade,2,,,,,,,,both,wired,HTX,optional,No,2 Years,,plows_boss_Steel_HTX_3-4_front.jpg,,,,,,4,2,33,,
383,5,"HTX - 7'6""",TRUE,straight,90,0,0,78,0,0,26,26,14,,440,,optional, 3/8,6,,,8,,full blade,2,,,,,,,,both,wired,HTX,optional,No,2 Years,,plows_boss_SS_HTX_3-4_front.jpg,,,,,,4,2,33,,
384,5,"Standard Duty - 7'6""",TRUE,straight,90,0,0,78,0,0,27.5,27.5,14,,597,steel,optional, 3/8,6,,,7,,full blade,3,,,,,,,,both,wired,RT3,optional,No,2 Years,,!default_boss_straight-plow.png,,,,,,4,2,35,,
385,5,"Super Duty - 7'6""",TRUE,straight,90,0,0,78,0,0,29,29,11,,680,steel,optional, 1/2,6,,,9,,full blade,4,,,,,,,,both,wired,RT3,optional,No,2 Years,,!default_boss_straight-plow.png,,,,,,4,2,36,,
386,5,"Super Duty - 7'6""",TRUE,straight,90,0,0,78,0,0,29,29,, 3/8,706,poly,optional, 1/2,6,,,9,,full blade,4,,,,,,,,both,wired,RT3,optional,No,2 Years,,!default_boss_straight-plow.png,,,,,,4,2,36,,
387,5,Super Duty - 8'0,TRUE,straight,96,0,0,83,0,0,29,29,11,,698,steel,optional, 1/2,6,,,9,,full blade,4,,,,,,,,both,wired,RT3,optional,No,2 Years,,!default_boss_straight-plow.png,,,,,,4,2,36,,
388,5,Super Duty - 8'0,TRUE,straight,96,0,0,83,0,0,29,29,, 3/8,722,poly,optional, 1/2,6,,,9,,full blade,4,,,,,,,,both,wired,RT3,optional,No,2 Years,,!default_boss_straight-plow.png,,,,,,4,2,36,,
389,5,Super Duty - 8'0,TRUE,straight,96,0,0,83,0,0,29,29,14,,747,stainless,optional, 1/2,6,,,9,,full blade,4,,,,,,,,both,wired,RT3,optional,No,2 Years,,plows_boss_SS_SuprDuty_3_4_Front.jpg,,,,,,4,2,36,,
390,5,"Super Duty - 8'6""",TRUE,straight,102,0,0,88,0,0,29,29,11,,720,steel,optional, 1/2,6,,,9,,full blade,4,,,,,,,,both,wired,RT3,optional,No,2 Years,,!default_boss_straight-plow.png,,,,,,4,2,36,,
391,5,"Super Duty - 9'0""",TRUE,straight,108,0,0,93.5,0,0,29,29,11,,742,steel,optional, 1/2,6,,,9,,full blade,4,,,,,,,,both,wired,RT3,optional,No,2 Years,,!default_boss_straight-plow.png,,,,,,4,2,36,,
392,5,"Super Duty - 9'0""",TRUE,straight,108,0,0,93.5,0,0,29,29,14,,794,stainless,optional, 1/2,6,,,9,,full blade,4,,,,,,,,both,wired,RT3,optional,No,2 Years,,plows_boss_SS_SuprDuty_3_4_Front.jpg,,,,,,4,2,36,,
393,5,"Trip Edge - 7'6""",TRUE,straight,90,0,0,78,0,0,31,31,11,,772,steel,optional, 1/2,6,,,8,,trip edge,4,,,,,,,,both,wired,RT3,optional,No,2 Years,,!default_boss_straight-plow.png,,,,,,4,3,38,,
394,5,"Trip Edge - 7'6""",TRUE,straight,90,0,0,78,0,0,31,31,14,,831,stainless,optional, 1/2,6,,,8,,trip edge,4,,,,,,,,both,wired,RT3,optional,No,2 Years,,plows_boss_SS_SuprDuty_3_4_Front.jpg,,,,,,4,3,38,,
395,5,"Trip Edge - 8'0""",TRUE,straight,96,0,0,83,0,0,31,31,11,,788,steel,optional, 1/2,6,,,8,,trip edge,4,,,,,,,,both,wired,RT3,optional,No,2 Years,,!default_boss_straight-plow.png,,,,,,4,3,38,,
396,5,"Trip Edge - 8'0""",TRUE,straight,96,0,0,83,0,0,31,31,14,,849,stainless,optional, 1/2,6,,,8,,trip edge,4,,,,,,,,both,wired,RT3,optional,No,2 Years,,plows_boss_SS_SuprDuty_3_4_Front.jpg,,,,,,4,3,38,,
397,5,"Trip Edge - 9'0""",TRUE,straight,108,0,0,93.5,0,0,31,31,11,,828,steel,optional, 1/2,6,,,10,,trip edge,4,,,,,,,,both,wired,RT3,optional,no,2 Years,,!default_boss_straight-plow.png,,,,,,4,3,38,,
398,5,"Trip Edge - 9'0""",TRUE,straight,108,0,0,93.5,0,0,31,31,14,,897,stainless,optional, 1/2,6,,,10,,trip edge,4,,,,,,,,both,wired,RT3,optional,no,2 years,,plows_boss_SS_SuprDuty_3_4_Front.jpg,,,,,,4,3,38,,
399,5,Heavy Duty - 10',TRUE,straight,120,0,0,104,0,0,34.5,34.5,7,,1205,steel,optional, 1/2,6,,,10,,full blade,6,,,,,,,,both,wired,heavy duty,optional,no,2 years,,!default_boss_straight-plow.png,,,,,,4,3,42,,
400,5,Heavy Duty - 9',TRUE,straight,108,0,0,93.5,0,0,34.5,34.5,7,,1100,steel,optional, 1/2,6,,,8,,full blade,6,,,,,,,,both,wired,heavy duty,optional,no,2 Years,,!default_boss_straight-plow.png,,,,,,4,3,42,,
467,8,MC Series,TRUE,Straight ,108,0,0,95,0,0,0,34,11,,1174,Steel,Optional,  1/2 ,8,,,8,0,Trip Edge,4,,2,16,,,,,wired,Wired,Minute Mount II,Optional,,2 year,,plows_fisher_MC-Series.jpg,,,,,,5,2,36,https://youtu.be/CIdBdSKWtLA,
468,46,7200LT,TRUE,Straight ,86,0,0,80,0,0,0,23.5,16,,310,Steel,Optional,  1/4 ,5,,,6,0,Trip Blade,2,,1,7,,,,,wired,Wired,Automatixx,Optional,,2 year,,plows_snowex_LT.jpg,,,,,,5,2,26,https://youtu.be/RHH6PT5BRho,
469,22,Midweight,TRUE,Straight ,90,0,0,78,0,0,0,27,14,,540,Steel,Optional,  3/8 ,6,,,6,0,Trip Blade,2,,1,10,,,,,wired,Wired,UltraMount 2,Optional,,2 year,,plows_western_Midweight.jpg,,,,,,4,2,29,https://youtu.be/TpP1NHojGYE,
470,46,8600 SW (SPEEDWING),TRUE,Expandable,102,0,0,94,0,0,0,29.5,12,,892,Steel,Optional,  1/2 ,6,,,4,0,Trip Blade,4,,1,12,,,,,wired,Wired,Automatixx,Optional,,2 year,,plows_snowex_SW.jpg,,,,,,6,6,52,https://youtu.be/xaadjkIKiQE,
471,22,Pro Plow Series 2,TRUE,Straight ,90,0,0,78,0,0,0,29,11,,653,Steel,Optional,  3/8 ,6,,,7,0,Trip Blade,4,,1,10,,,,,wired,Wired,UltraMount 2,,,2 year,,plows_western_PRO-PLOW.jpg,,,,,,4,1,31,https://youtu.be/fNZXr-4y-Jo,
472,22,Poly Pro Plow Series 2,TRUE,Straight ,90,0,0,78,0,0,0,29,0,  3/8 ,677,Poly,Optional,  3/8 ,6,,,7,0,Trip Blade,4,,1,10,,,,,wired,Wired,UltraMount 2,,,2 year,,plows_western_PRO-PLOW.jpg,,,,,,4,1,31,https://youtu.be/fNZXr-4y-Jo,
473,22,MVP Plus,TRUE,Vplow,90,0,0,78,0,0,0,29,14,,827,Steel,Optional,  3/8 ,6,,,6,0,Trip Edge,4,,1,11,,,,,wired,Wired,UltraMount 2,Optional,,2 year,,plows_western_MVP-Plus.jpg,,,,,,5,4,31,https://youtu.be/F-oaso2BUgE,
474,22,Suburbanite,TRUE,Straight ,88,0,0,78,0,0,0,21,0,  3/16,270,Poly,Optional,  1/4 ,5,,,4,0,Trip Blade,2,,1,7,,,,,wired,Wired,Suburbanite,,,1 year,,!default_western_straight-plow.png,,,,,,4,1,22,,
475,46,6800LT,TRUE,Straight ,80,0,0,74,0,0,0,23.5,16,,303,Steel,Optional,  1/4 ,5,,,6,0,Trip Blade,2,,1,7,,,,,wired,Wired,Automatixx,,,2 year,,plows_snowex_LT.jpg,,,,,,4,1,26,https://youtu.be/RHH6PT5BRho,
476,22,Pro Plow Series 2,TRUE,Straight ,96,0,0,83,0,0,0,29,11,,668,Steel,Optional,  3/8 ,6,,,7,0,Trip Blade,4,,1,10,,,,,wired,Wired,UltraMount 2,Optional,,2 year,,plows_western_PRO-PLOW.jpg,,,,,,4,1,31,https://youtu.be/fNZXr-4y-Jo,
477,22,MVP Plus,TRUE,Vplow,114,0,0,99,0,0,0,31,14,,988,Steel,Optional,  1/2 ,6,,,8,0,Trip Edge,6,,1,11,,,,,wired,Wired,UltraMount 2,Optional,,2 year,,plows_western_MVP-Plus.jpg,,,,,,5,5,33,https://youtu.be/F-oaso2BUgE,
478,22,Pro Plus,TRUE,Straight ,96,0,0,83,0,0,0,31.5,12,,805,Steel,Optional,  1/2 ,6,,,8,0,Trip Blade,4,,1,12,,,,,wired,Wired,UltraMount 2,Optional,,2 year,,plows_western_PRO-PLOW.jpg,,,,,,4,3,34,https://youtu.be/-FgRTDOoDTk,
479,8,SD Series,TRUE,Straight ,90,0,0,81,0,0,0,26,14,,487,Steel,Optional,  3/8 ,6,,,8,0,Trip Edge,2,,1,10,,,,,wired,Wired,Minute Mount II, ,,2 year,,plows_fisher_SD-Series.jpg,,,,,,5,3,28,https://youtu.be/eizHzKIsmLo,
480,46,9.6HDV,TRUE,Vplow,114,0,0,102,0,0,0,38,16,,1044,Steel, Stainless,Optional,  1/2 ,6,,,8,1,Trip Edge,6,,1,11,,,,,wired,Wired,Automatixx,Optional,,2 year,,plows_snowex_HDV.jpg,,,,,,6,5,40,
481,8,XLS,TRUE,expandable,106,0,0,108,0,0,0,29,12,,985,steel,optional,  1/2 ,6,,,,0,trip edge,4,,1,10,,,,,,wired,Minute Mount II,optional,,2 year,,!default_fisher_expandable-plow.png,,,,,,7,5,51,https://youtu.be/HlGc2kvVFS0,
482,8,XV2,TRUE,vplow,90,0,0,79,0,0,0,37,14,,914,poly,optional,  3/8 ,6,,,12,0,trip edge,4,,1,10,,,,,,wired,Minute Mount II,optional,,2 year,,plows_fisher_XV2.jpg,,,,,,6,5,39,https://youtu.be/das8xAxstic,
483,22,MVP Plus Poly,TRUE,Vplow,114,0,0,99,0,0,0,31,12,  1/4 ,964,Poly,Optional,  1/2 ,6,,,8,0,Trip Edge,6,,1,11,,,,,wired,Wired,UltraMount 2,Optional,,2 year,,plows_western_MVP-Plus.jpg,,,,,,5,5,33,https://youtu.be/F-oaso2BUgE,
484,8,SD Series,TRUE,Straight ,81,0,0,73,0,0,0,26,14,,472,Steel,Optional,1,6,,,8,2,Trip Edge,2,,1,10,,,,,wired,Wired,Minute Mount II,Optional,,2 year,,plows_fisher_MC-Series.jpg,,,,,,5,3,28,https://youtu.be/eizHzKIsmLo,
485,8,HD2,TRUE,Straight ,108,0,0,97,0,0,0,29,12,,770,Steel,Optional,  1/2 ,6,,,10,0,Trip Edge,4,,1,12,,,,,wired,Wired,Minute Mount II,Optional,,2 year,,plows_fisher_HD2.jpg,,,,,,5,2,31,https://youtu.be/w82q0s2VWRA,
486,8,HD2,TRUE,Straight ,102,0,0,91,0,0,0,29,12,,750,Steel,Optional,  1/2 ,6,,,10,0,Trip Edge,4,,1,12,,,,,wired,Wired,Minute Mount II,Optional,,2 year,,plows_fisher_HD2.jpg,,,,,,5,3,31,https://youtu.be/w82q0s2VWRA,
487,22,MVP 3,TRUE,Vplow,102,0,0,89,0,0,0,38,14,,940,Steel,Optional,  3/8 ,6,,,8,2,Trip Edge,4,,1,11,,,,,wired,Wired,UltraMount 2,Optional,,2 year,,plows_western_MVP3.jpg,,,,,,5,5,40,https://youtu.be/xTREGLHTDHs,
488,22,MVP 3 Poly,TRUE,Vplow,102,0,0,89,0,0,0,38,12,  1/4 ,890,Poly,Optional,  3/8 ,6,,,8,0,Trip Edge,4,,1,11,,,,,wired,Wired,UltraMount 2,Optional,,2 year,,plows_western_MVP3.jpg,,,,,,5,5,40,https://youtu.be/xTREGLHTDHs,
489,22,Pro Plow Series 2,TRUE,Straight ,102,0,0,88,0,0,0,29,11,,686,Steel,Optional,  3/8 ,6,,,7,0,Trip Blade,4,,1,10,,,,,wired,Wired,UltraMount 2,Optional,,2 year,,plows_western_PRO-PLOW.jpg,,,,,,4,2,31,https://youtu.be/fNZXr-4y-Jo,
490,22,Pro Plus,TRUE,Straight ,102,0,0,88,0,0,0,31.5,12,,821,Steel,Optional,  1/2 ,6,,,8,0,Trip Blade,4,,1,12,,,,,wired,Wired,UltraMount 2,Optional,,2 year,,plows_western_PRO-PLUS.jpg,,,,,,4,2,34,https://youtu.be/-FgRTDOoDTk,
491,46,8000HD,TRUE,Straight ,96,0,0,86,0,0,0,31,12,,747,Steel,Optional,  1/2 ,6,,,6,2,Trip Blade,4,,1,12,,,,,wired,Wired,Automatixx,Optional,,2 year,,plows_snowex_HD.jpg,,,,,,4,3,33,https://youtu.be/GlqB5ehXn4A,
492,22,Prodigy,TRUE,Expandable,116,0,0,94,0,0,0,29.5,12,,880,Steel,Optional,  1/2 ,6,,,8,2,Trip Blade,4,,1,10,,,,,wired,Wired,UltraMount 2,Optional,,2 year,,plows_western_Prodigy.jpg,,,,,,6,6,52,https://youtu.be/aNxjG3p0XeQ,
493,22,Midweight Poly,TRUE,Straight ,90,0,0,78,0,0,0,27,12,  1/4 ,532,Poly,Optional,  3/8 ,6,,,6,2,Trip Blade,2,,1,10,,,,,wired,Wired,UltraMount 2,Optional,,2 year,,plows_western_Midweight.jpg,,,,,,4,3,29,https://youtu.be/TpP1NHojGYE,
494,22,Poly Pro Plow Series 2,TRUE,Straight ,96,0,0,83,0,0,0,29,12,  3/8 ,690,Poly,Optional,  3/8 ,6,,,7,0,Trip Blade,4,,1,10,,,,,wired,Wired,UltraMount 2,Optional,,2 year,,plows_western_PRO-PLOW.jpg,,,,,,4,3,31,https://youtu.be/fNZXr-4y-Jo,
495,8,Homesteader,TRUE,Straight ,80,0,0,72,0,0,0,21,12,  3/16,239,Poly,Optional,  1/4 ,5,,,4,0,Trip Blade,2,,1,7,,,,,wired,Wired,Homesteader,Optional,,1 year,,!default_fisher_straight-plow.png,,,,,,5,3,22,https://youtu.be/jKcquH2_0zw,
496,46,8600HD,TRUE,Straight ,102,0,0,91,0,0,0,31,12,,764,Steel,Optional,  1/2 ,6,,,6,2,Trip Blade,4,,1,12,,,,,wired,Wired,Automatixx,Optional,,2 year,,plows_snowex_HD.jpg,,,,,,5,2,33,https://youtu.be/GlqB5ehXn4A,
497,8,XtremeV ,TRUE,Vplow,114,0,0,99,0,0,0,33,12,,1013,Steel,Optional,  1/2 ,6,,,12,0,Trip Edge,6,,1,10,,,,,wired,Wired,Minute Mount II,Optional,,2 year,,plows_fisher_XtremeV.jpg,,,,,,6,5,35,https://youtu.be/b59fz11Ssbs,
498,8,XV2,TRUE,vplow,114,0,0,102,0,0,0,39,14,,1044,stainless,optional,  1/2 ,6,,,12,0,trip edge,6,,1,10,,,,,,wired,Minute Mount II,optional,,2 year,,plows_fisher_XV2.jpg,,,,,,6,5,41,https://youtu.be/das8xAxstic,
499,22,MVP Plus,TRUE,Vplow,102,0,0,89,0,0,0,29,14,,880,Steel,Optional,  3/8 ,6,,,8,0,Trip Edge,4,,1,11,,,,,wired,Wired,UltraMount 2,Optional,,2 year,,plows_western_MVP-Plus.jpg,,,,,,5,4,31,https://youtu.be/F-oaso2BUgE,
500,22,MVP Plus Poly,TRUE,Vplow,102,0,0,89,0,0,0,29,14,  1/4 ,847,Poly,Optional,  3/8 ,6,,,8,0,Trip Edge,4,,1,11,,,,,wired,Wired,UltraMount 2,Optional,,2 year,,plows_western_MVP-Plus.jpg,,,,,,5,4,31,https://youtu.be/F-oaso2BUgE,
501,22,MVP 3 SS,TRUE,Vplow,102,0,0,89,0,0,0,38,14,,940,Stainless,Optional,  3/8 ,6,,,8,1,Trip Edge,4,,1,11,,,,,wired,Wired,UltraMount 2,Optional,,2 year,,plows_western_MVP3-SS.jpg,,,,,,5,5,40,https://youtu.be/xTREGLHTDHs,
502,22,MVP 3 SS,TRUE,Vplow,90,0,0,79,0,0,0,37,14,,885,Stainless,Optional,  3/8 ,6,,,6,0,Trip Edge,4,,1,11,,,,,wired,Wired,UltraMount 2,Optional,,2 year,,plows_western_MVP3-SS.jpg,,,,,,5,5,39,https://youtu.be/xTREGLHTDHs,
503,46,7600RD,TRUE,Straight ,90,0,0,79,0,0,0,27,16,,406,Steel,Optional,  5/16,6,,,6,0,Trip Blade,2,,1,8,,,,,wired,Wired,Automatixx,Optional,,2 year,,plows_snowex_RD.jpg,,,,,,4,2,29,https://youtu.be/VDRo3i62tz8,
504,8,HT Series,TRUE,straight,90,0,0,79,0,0,0,27,14,,414,steel,optional,  3/8 ,6,,,,0,trip edge,2,,1,8,,,,,,wired,Minute Mount II,optional,,2 year,,plows_fisher_HT.jpg,,,,,,5,2,29,https://youtu.be/DhMLik6gZyc,
505,8,XtremeV ,TRUE,Vplow,102,0,0,89,0,0,0,31,12,,899,Steel,Optional,  3/8 ,6,,,12,0,Trip Edge,4,,1,10,,,,,wired,Wired,Minute Mount II,Optional,,2 year,,plows_fisher_XtremeV.jpg,,,,,,6,5,33,https://youtu.be/b59fz11Ssbs,
506,46,8100PP (Power Plow),TRUE,Expandable,120,0,0,108,0,0,0,31,12,,970,Steel,Optional,  1/2 ,6,,,4,0,Trip Blade,4,,1,12,,,,,wired,Wired,Automatixx,Optional,,2 year,,plows_snowex_PP.jpg,,,,,,7,6,53,https://youtu.be/vWI73bScYag,
507,22,Heavyweight,FALSE,,120,0,0,104,0,0,0,33,7,,1106,steel,optional,  1/2 ,6,,,6,0,,6,,2,16,,,,,,wired,UniMount,optional,,2 year,,plows_western_Heavyweight.jpg,,,,,,4,3,35,,
508,8,Homesteader,TRUE,straight,88,0,0,79,0,0,0,21,14,  3/16,257,poly,optional,  1/4 ,5,,,4,0,,2,,1,7,,,,,,wired,Homesteader,optional,,1 year,,!default_fisher_straight-plow.png,,,,,,5,1,22,https://youtu.be/jKcquH2_0zw,
509,22,MVP 3,TRUE,Vplow,114,0,0,102,0,0,0,39,14,,1022,Steel,Optional,  1/2 ,6,,,8,0,Trip Edge,6,,1,11,,,,,wired,Wired,UltraMount 2,Optional,,2 year,,plows_western_MVP3.jpg,,,,,,5,5,41,https://youtu.be/xTREGLHTDHs,
510,22,MVP 3 Poly,TRUE,Vplow,114,0,0,102,0,0,0,39,14,  1/4 ,972,Poly,Optional,  1/2 ,6,,,8,0,Trip Edge,6,,1,11,,,,,wired,Wired,UltraMount 2,Optional,,2 year,,plows_western_MVP3.jpg,,,,,,5,5,41,https://youtu.be/xTREGLHTDHs,
511,22,MVP 3 SS,TRUE,Vplow,114,0,0,102,0,0,0,39,14,,1022,Stainless,Optional,  1/2 ,6,,,8,1,Trip Edge,6,,1,11,,,,,wired,Wired,UltraMount 2,Optional,,2 year,,plows_western_MVP3-SS.jpg,,,,,,5,5,41,https://youtu.be/xTREGLHTDHs,
512,8,HDX,TRUE,Straight ,108,0,0,97,0,0,0,29,14,,902,Stainless,Optional,  1/2 ,6,,,8,0,Trip Edge,4,,1,12,,,,,wired,Wired,Minute Mount II,Optional,,2 year,,plows_fisher_HDX.jpg,,,,,,5,3,31,https://youtu.be/8dGgVWqI02A,
513,46,9000HD,TRUE,Straight ,108,0,0,97,0,0,0,31,12,,782,Steel,Optional,  1/2 ,6,,,6,2,Trip Blade,4,,1,12,,,,,wired,Wired,Automatixx,Optional,,2 year,,plows_snowex_HD.jpg,,,,,,5,3,33,https://youtu.be/GlqB5ehXn4A,
514,22,Pro Plus,TRUE,Straight ,108,0,0,93,0,0,0,31.5,12,,837,Steel,Optional,  1/2 ,6,,,8,0,Trip Blade,4,,1,12,,,,,wired,Wired,UltraMount 2,Optional,,2 year,,plows_western_PRO-PLUS.jpg,,,,,,4,2,34,https://youtu.be/-FgRTDOoDTk,
515,8,HD2,TRUE,Straight ,96,0,0,86,0,0,0,29,12,,734,Steel,Optional,  1/2 ,6,,,10,0,Trip Edge,4,,1,12,,,,,wired,Wired,Minute Mount II,Optional,,2 year,,plows_fisher_HD2.jpg,,,,,,5,2,31,https://youtu.be/w82q0s2VWRA,
516,8,HDX,TRUE,Straight ,96,0,0,86,0,0,0,29,14,,861,Stainless,Optional,  1/2 ,6,,,8,0,Trip Edge,4,,1,12,,,,,wired,Wired,Minute Mount II,Optional,,2 year,,plows_fisher_HDX.jpg,,,,,,5,2,31,https://youtu.be/8dGgVWqI02A,
517,46,8000RD,TRUE,Straight ,96,0,0,84.5,0,0,0,27,16,,415,Steel,Optional,  5/16,6,,,6,0,Trip Blade,2,,1,8,,,,,wired,Wired,Automatixx,Optional,,2 year,,plows_snowex_RD.jpg,,,,,,5,2,29,https://youtu.be/VDRo3i62tz8,
518,8,HD2,TRUE,Straight ,90,0,0,81,0,0,0,29,12,,684,Steel,Optional,  3/8 ,6,,,10,0,Trip Edge,3,,1,12,,,,,wired,Wired,Minute Mount II,Optional,,2 year,,plows_fisher_HD2.jpg,,,,,,5,3,31,https://youtu.be/w82q0s2VWRA,
519,46,7600HD,TRUE,Straight ,90,0,0,81,0,0,0,31,12,,730,Steel,Optional,  1/2 ,6,,,6,2,Trip Blade,4,,1,12,,,,,wired,Wired,Automatixx,Optional,,2 year,,plows_snowex_HD.jpg,,,,,,5,3,33,https://youtu.be/GlqB5ehXn4A,
520,8,MC Series,TRUE,Straight ,120,0,0,106,0,0,0,34,11,,1308,Steel,Optional,  1/2 ,8,,,8,0,Trip Edge,6,,2,16,,,,,wired,Wired,Minute Mount II,Optional,,2 year,,plows_fisher_HT-Series.jpg,,,,,,5,2,36,https://youtu.be/CIdBdSKWtLA,
521,8,XV2,TRUE,vplow,102,0,0,89,0,0,0,38,14,,957,stainless,optional,  3/8 ,6,,,12,0,trip edge,4,,1,10,,,,,,wired,Minute Mount II,optional,,2 year,,plows_fisher_XV2-SS.jpg,,,,,,6,5,40,https://youtu.be/das8xAxstic,
522,22,HTS ,TRUE,Straight ,90,0,0,79,0,0,0,27,14,,412,Steel,Optional,  5/16,6,,,6,0,Trip Blade,2,,1,8,,,,,wired,Wired,UltraMount 2,Optional,,2 year,,plows_western_HTS.jpg,,,,,,4,2,29,https://youtu.be/IrV2Mj96Aoo,
523,22,MVP 3,TRUE,Vplow,90,0,0,79,0,0,0,37,14,,885,Steel,Optional,  3/8 ,6,,,6,0,Trip Edge,4,,1,11,,,,,wired,Wired,UltraMount 2,Optional,,2 year,,plows_western_MVP3.jpg,,,,,,5,5,39,https://youtu.be/xTREGLHTDHs,
524,46,8611PP (Power Plow),TRUE,Expandable,132,0,0,117,0,0,0,31,12,,1036,Steel,Optional,  1/2 ,6,,,4,0,Trip Blade,4,,1,12,,,,,wired,Wired,Automatixx,Optional,,2 year,,plows_snowex_PP.jpg,,,,,,6,6,53,https://youtu.be/vWI73bScYag,
525,8,XtremeV ,TRUE,vplow,90,0,0,78,0,0,0,30.75,12,,821,steel,optional,  3/8 ,6,,,12,0,trip edge,4,,1,10,,,,,,wired,Minute Mount II,optional,,2 year,,plows_fisher_XtremeV.jpg,,,,,,6,5,33,https://youtu.be/b59fz11Ssbs,
526,22,WIDE-OUT,TRUE,Expandable,120,0,0,108,0,0,0,29,12,,940,Steel,Optional,  1/2 ,6,,,6,0,Trip Blade,4,,1,10,,,,,wired,Wired,UltraMount 2,Optional,,2 year,,plows_western_WIDE-OUT.jpg,,,,,,6,5,51,https://youtu.be/w9QTrCfkFWU,
527,46,8.6HDV,TRUE,Vplow,102,0,0,89,0,0,0,38,16,,972,Steel, Stainless,Optional,  3/8 ,6,,,6,1,Trip Edge,4,,1,11,,,,,wired,Wired,Automatixx,Optional,,2 year,,plows_snowex_HDV.jpg,,,,,,5,5,40,
528,22,Suburbanite,TRUE,Straight ,80,0,0,73,0,0,0,21,12,  3/16,250,Poly,Optional,  1/4 ,5,,,4,0,Trip Blade,2,,1,7,,,,,wired,Wired,Suburbanite,Optional,,1 year,,!default_western_straight-plow.png,,,,,,4,2,22,,
529,22,MVP Plus Poly,TRUE,Vplow,90,0,0,78,0,0,0,29,14,  1/4 ,799,Poly,Optional,  3/8 ,6,,,6,0,Trip Edge,4,,1,11,,,,,wired,Wired,UltraMount 2,Optional,,2 year,,plows_western_MVP-Plus.jpg,,,,,,5,4,31,https://youtu.be/F-oaso2BUgE,
531,22,Defender,TRUE,straight,80,0,0,71,0,0,0,23.5,16,,290,steel,optional,  1/4 ,5,,,6,,,2,,1,7,,,,,,wired,Defender,,,2 year,,plows_western_Defender.jpg,,,,,,4,1,31,https://youtu.be/DMJ_442aoTs,
532,22,Defender,TRUE,straight,86,0,0,76.5,0,0,0,23.5,16,,297,steel,optional,  1/4 ,5,,,6,,trip edge,2,,1,7,,,,,,wired,Defender,,,2 year,,plows_western_Defender.jpg,,,,,,4,1,31,https://youtu.be/DMJ_442aoTs,
533,8,HS,TRUE,straight,80,0,0,71,0,0,0,23.5,16,,290,steel,optional,  1/4 ,5,,,6,,trip edge,2,,1,7,,,,,,wired,HS,optional,,2 year,,plows_fisher_HS.jpg,,,,,,5,1,31,https://youtu.be/D7QKzQrvMRc,
534,8,HS,TRUE,straight,86,0,0,76.5,0,0,0,23.5,16,,297,steel,optional,  1/4 ,5,,,6,,trip edge,2,,1,7,,,,,,wired,HS,optional,,2 year,,plows_fisher_HS.jpg,,,,,,5,1,31,https://youtu.be/D7QKzQrvMRc,
539,23,HD80,FALSE,straight,96,0,0,83,0,0,29,29,12,0.105,700,Stainless,included, 3/8,6,,0,9,0,full blade,4,extension,1.5,12,single acting,2,6,single acting,keypad,wired,QuickMount,Standard,,2 years,,HD-EX_45.jpg,No,Powder Coat,Yes,,No,2,2,51,U7inSsluGkQ,https://www.buyersproducts.com/UserFiles/Print-Catalogs/LITPLOW_D_lr.pdf
540,23,HD75 II,TRUE,straight,90,0,0,78,0,0,29,29,12,0.105,680,Stainless,included, 3/8,6,,0,9,0,full blade,4,extension,1.5,12,single acting,2,6,single acting,keypad,wired,QuickMount II+,Standard,,2 years,,HD75II.jpg,No,Powder Coat,Yes,,No,2,2,51,LGA9ubfl1rs,https://www.buyersproducts.com/UserFiles/Print-Catalogs/LITPLOW_D_lr.pdf
541,23,HD80 II,TRUE,straight,96,0,0,83,0,0,29,29,12,0.105,700,Stainless,included, 3/8,6,,0,9,0,full blade,4,extension,1.5,12,single acting,2,6,single acting,keypad,wired,QuickMount II+,Standard,,2 years,,HD75II.jpg,No,Powder Coat,Yes,,No,2,2,51,LGA9ubfl1rs,https://www.buyersproducts.com/UserFiles/Print-Catalogs/LITPLOW_D_lr.pdf
542,23,EX75 II,TRUE,straight,90,0,0,78,0,0,31,31,12,0.105,745,Stainless,included, 1/2,6,,0,9,0,full blade,4,extension,1.5,12,single acting,2,6,single acting,keypad,wired,QuickMount II+,Standard,,2 years,,EXII_45_II.jpg,No,Powder Coat,Yes,,No,2,3,53,LGA9ubfl1rs,https://www.buyersproducts.com/UserFiles/Print-Catalogs/LITPLOW_D_lr.pdf
543,23,EX80 II,TRUE,straight,96,0,0,83,0,0,31,31,12,0.105,765,Stainless,included, 1/2,6,,0,9,0,full blade,4,extension,1.5,12,single acting,2,6,single acting,keypad,wired,QuickMount II+,Standard,,2 years,,EXII_45_II.jpg,No,Powder Coat,Yes,,No,2,3,53,LGA9ubfl1rs,https://www.buyersproducts.com/UserFiles/Print-Catalogs/LITPLOW_D_lr.pdf
544,23,EX85 II,TRUE,straight,102,0,0,88.3,0,0,31,31,12,0.105,785,Stainless,included, 1/2,6,,0,9,0,full blade,4,extension,1.5,12,single acting,2,6,single acting,keypad,wired,QuickMount II+,Standard,,2 years,,EXII_45_II.jpg,No,Powder Coat,Yes,,No,2,3,53,LGA9ubfl1rs,https://www.buyersproducts.com/UserFiles/Print-Catalogs/LITPLOW_D_lr.pdf
545,23,EX90 II,TRUE,straight,108,0,0,93.5,0,0,31,31,12,0.105,805,Stainless,included, 1/2,6,,0,9,0,full blade,4,extension,1.5,12,single acting,2,6,single acting,keypad,wired,QuickMount II+,Standard,,2 years,,EXII_45_II.jpg,No,Powder Coat,Yes,,No,2,3,53,LGA9ubfl1rs,https://www.buyersproducts.com/UserFiles/Print-Catalogs/LITPLOW_D_lr.pdf
546,23,TE90,TRUE,straight,108,0,0,94,0,0,31,31,12,0.105,812,Stainless,included, 1/2,6,,0,8,0,trip edge,4,extension,1.5,12,single acting,2,6,single acting,keypad,wired,QuickMount,Standard,,2 years,,TE80_45.jpg,No,Powder Coat,Yes,,No,2,3,53,Z605bSHdWHU,https://www.buyersproducts.com/UserFiles/Print-Catalogs/LITPLOW_D_lr.pdf
547,23,TE90 II,TRUE,straight,108,0,0,94,0,0,31,31,12,0.105,812,Stainless,included, 1/2,6,,0,8,0,trip edge,4,extension,1.5,12,single acting,2,6,single acting,keypad,wired,QuickMount II+,Standard,,2 years,,TEII_45_a.jpg,No,Powder Coat,Yes,,No,2,3,53,Z605bSHdWHU,https://www.buyersproducts.com/UserFiles/Print-Catalogs/LITPLOW_D_lr.pdf
548,23,VXF85 II,TRUE,vplow,102,0,88,88,0,88,29,37,12,0.105,948,Stainless,optional, 1/2,6,,0,8,0,trip edge,4,extension,1.5,12,double acting,2,6,single acting,keypad,wired,QuickMount II+,Standard,,2 years,,VXF-II.jpg,No,Powder Coat,Yes,,No,3,5,64,LGA9ubfl1rs,https://www.buyersproducts.com/UserFiles/Print-Catalogs/LITPLOW_D_lr.pdf
549,23,VXF95 II,TRUE,vplow,114,0,99,99,0,99,29,37,12,0.105,983,Stainless,optional, 1/2,6,,0,8,0,trip edge,4,extension,1.5,12,double acting,2,6,single acting,keypad,wired,QuickMount II+,Standard,,2 years,,VXF-II.jpg,No,Powder Coat,Yes,,No,3,5,64,LGA9ubfl1rs,https://www.buyersproducts.com/UserFiles/Print-Catalogs/LITPLOW_D_lr.pdf
550,23,VMD75II,TRUE,vplow,90,0,0,78,0,0,26,33,14,0.075,700,stainless,optional,8-Mar,6,,,6,,trip edge,4,,1.75,12,da,1.5,6,,keypad,wired,RapidLink,standard,,2 Years,,VMDII_front.jpg,,,,,Optional,1,1,0,I_w0Gm92XVg,https://www.buyersproducts.com/UserFiles/Print-Catalogs/LITPLOW_F_LowRes.pdf
551,23,MD75II,TRUE,straight,90,0,0,78,0,0,24,24,14,0.075,400,stainless,included,8-Mar,6,,,6,,full blade,2,,1.5,10,sa,1.5,6,da,keypad,wired,RapidLink,standard,,2 Years,,MDII_Moldboard.jpg,,,Yes,,Optional,1,1,0,I_w0Gm92XVg,https://www.buyersproducts.com/UserFiles/Print-Catalogs/LITPLOW_F_LowRes.pdf
552,23,MD80II,TRUE,straight,96,0,0,85,0,0,24,24,14,0.075,439,stainless,included,2-Jan,6,,,8,,full blade,2,,1.5,10,sa,1.5,6,da,keypad,wired,RapidLink,standard,,2 YEARS,,MDII_Moldboard.jpg,,,Yes,,Optional,1,1,0,I_w0Gm92XVg,https://www.buyersproducts.com/UserFiles/Print-Catalogs/LITPLOW_F_LowRes.pdf
553,23,MD68II,TRUE,straight,80,0,0,70,0,0,24,24,14,0.075,380,stainless,included,8-Mar,6,,,6,,full blade,2,,1.5,10,sa,1.5,6,da,keypad,wired,RapidLink,standard,,2 Years,,MDII_Moldboard.jpg,,,Yes,,Optional,1,1,0,I_w0Gm92XVg,https://www.buyersproducts.com/UserFiles/Print-Catalogs/LITPLOW_F_LowRes.pdf
